abate	Carlo Abate	missing	http://en.wikipedia.org/wiki/Carlo_Mario_Abate
abecassis	George Abecassis	missing	http://en.wikipedia.org/wiki/George_Abecassis
acheson	Kenny Acheson	missing	http://en.wikipedia.org/wiki/Kenny_Acheson
adams	Philippe Adams	missing	http://en.wikipedia.org/wiki/Philippe_Adams
ader	Walt Ader	missing	http://en.wikipedia.org/wiki/Walt_Ader
adolff	Kurt Adolff	missing	http://en.wikipedia.org/wiki/Kurt_Adolff
agabashian	Fred Agabashian	missing	http://en.wikipedia.org/wiki/Fred_Agabashian
ahrens	Kurt Ahrens	missing	http://en.wikipedia.org/wiki/Kurt_Ahrens,_Jr.
aitken	Jack Aitken	valid	http://en.wikipedia.org/wiki/Jack_Aitken
albers	Christijan Albers	missing	http://en.wikipedia.org/wiki/Christijan_Albers
albon	Alexander Albon	valid	http://en.wikipedia.org/wiki/Alexander_Albon
alboreto	Michele Alboreto	valid	http://en.wikipedia.org/wiki/Michele_Alboreto
alesi	Jean Alesi	missing	http://en.wikipedia.org/wiki/Jean_Alesi
alguersuari	Jaime Alguersuari	missing	http://en.wikipedia.org/wiki/Jaime_Alguersuari
alliot	Philippe Alliot	valid	http://en.wikipedia.org/wiki/Philippe_Alliot
allison	Cliff Allison	missing	http://en.wikipedia.org/wiki/Cliff_Allison
alonso	Fernando Alonso	valid	http://en.wikipedia.org/wiki/Fernando_Alonso
amati	Giovanna Amati	missing	http://en.wikipedia.org/wiki/Giovanna_Amati
george_amick	George Amick	missing	http://en.wikipedia.org/wiki/George_Amick
amick	Red Amick	missing	http://en.wikipedia.org/wiki/Red_Amick
amon	Chris Amon	missing	http://en.wikipedia.org/wiki/Chris_Amon
anderson	Bob Anderson	missing	http://en.wikipedia.org/wiki/Bob_Anderson_(racing_driver)
andersson	Conny Andersson	missing	http://en.wikipedia.org/wiki/Conny_Andersson_(racing_driver)
mario_andretti	Mario Andretti	valid	http://en.wikipedia.org/wiki/Mario_Andretti
andretti	Michael Andretti	missing	http://en.wikipedia.org/wiki/Michael_Andretti
andrews	Keith Andrews	valid	http://en.wikipedia.org/wiki/Keith_Andrews_(driver)
antonelli	Andrea Kimi Antonelli	valid	https://en.wikipedia.org/wiki/Andrea_Kimi_Antonelli
apicella	Marco Apicella	missing	http://en.wikipedia.org/wiki/Marco_Apicella
armi	Frank Armi	missing	http://en.wikipedia.org/wiki/Frank_Armi
arnold	Chuck Arnold	missing	http://en.wikipedia.org/wiki/Chuck_Arnold
arnoux	René Arnoux	missing	http://en.wikipedia.org/wiki/Ren%C3%A9_Arnoux
paul_aron	Paul Aron	missing	
arundell	Peter Arundell	missing	http://en.wikipedia.org/wiki/Peter_Arundell
ascari	Alberto Ascari	missing	http://en.wikipedia.org/wiki/Alberto_Ascari
ashdown	Peter Ashdown	missing	http://en.wikipedia.org/wiki/Peter_Ashdown
ashley	Ian Ashley	missing	http://en.wikipedia.org/wiki/Ian_Ashley
ashmore	Gerry Ashmore	missing	http://en.wikipedia.org/wiki/Gerry_Ashmore
aston	Bill Aston	missing	http://en.wikipedia.org/wiki/Bill_Aston
attwood	Richard Attwood	missing	http://en.wikipedia.org/wiki/Richard_Attwood
ayulo	Manny Ayulo	missing	http://en.wikipedia.org/wiki/Manny_Ayulo
badoer	Luca Badoer	valid	http://en.wikipedia.org/wiki/Luca_Badoer
baghetti	Giancarlo Baghetti	missing	http://en.wikipedia.org/wiki/Giancarlo_Baghetti
bailey	Julian Bailey	missing	http://en.wikipedia.org/wiki/Julian_Bailey
baldi	Mauro Baldi	missing	http://en.wikipedia.org/wiki/Mauro_Baldi
ball	Bobby Ball	missing	http://en.wikipedia.org/wiki/Bobby_Ball_(auto_racer)
balsa	Marcel Balsa	missing	http://en.wikipedia.org/wiki/Marcel_Balsa
bandini	Lorenzo Bandini	missing	http://en.wikipedia.org/wiki/Lorenzo_Bandini
banks	Henry Banks	missing	http://en.wikipedia.org/wiki/Henry_Banks
barbazza	Fabrizio Barbazza	missing	http://en.wikipedia.org/wiki/Fabrizio_Barbazza
john_barber	John Barber	missing	http://en.wikipedia.org/wiki/John_Barber_(racing_driver)
barber	Skip Barber	missing	http://en.wikipedia.org/wiki/Skip_Barber
barilla	Paolo Barilla	missing	http://en.wikipedia.org/wiki/Paolo_Barilla
barrichello	Rubens Barrichello	missing	http://en.wikipedia.org/wiki/Rubens_Barrichello
bartels	Michael Bartels	missing	http://en.wikipedia.org/wiki/Michael_Bartels
barth	Edgar Barth	valid	http://en.wikipedia.org/wiki/Edgar_Barth
bassi	Giorgio Bassi	missing	http://en.wikipedia.org/wiki/Giorgio_Bassi
bauer	Erwin Bauer	missing	http://en.wikipedia.org/wiki/Erwin_Bauer
baumgartner	Zsolt Baumgartner	missing	http://en.wikipedia.org/wiki/Zsolt_Baumgartner
bayol	Élie Bayol	missing	http://en.wikipedia.org/wiki/%C3%89lie_Bayol
bearman	Oliver Bearman	valid	http://en.wikipedia.org/wiki/Oliver_Bearman
beauman	Don Beauman	missing	http://en.wikipedia.org/wiki/Don_Beauman
bechem	Günther Bechem	missing	http://en.wikipedia.org/wiki/G%C3%BCnther_Bechem
dino_beganovic	Dino Beganovic	missing	
behra	Jean Behra	missing	http://en.wikipedia.org/wiki/Jean_Behra
bell	Derek Bell	valid	http://en.wikipedia.org/wiki/Derek_Bell_(auto_racer)
bellof	Stefan Bellof	missing	http://en.wikipedia.org/wiki/Stefan_Bellof
belmondo	Paul Belmondo	missing	http://en.wikipedia.org/wiki/Paul_Belmondo
belso	Tom Belsø	missing	http://en.wikipedia.org/wiki/Tom_Bels%C3%B8
beltoise	Jean-Pierre Beltoise	missing	http://en.wikipedia.org/wiki/Jean-Pierre_Beltoise
beretta	Olivier Beretta	missing	http://en.wikipedia.org/wiki/Olivier_Beretta
berg	Allen Berg	missing	http://en.wikipedia.org/wiki/Allen_Berg
georges_berger	Georges Berger	missing	http://en.wikipedia.org/wiki/Georges_Berger
berger	Gerhard Berger	missing	http://en.wikipedia.org/wiki/Gerhard_Berger
bernard	Éric Bernard	missing	http://en.wikipedia.org/wiki/%C3%89ric_Bernard
bernoldi	Enrique Bernoldi	missing	http://en.wikipedia.org/wiki/Enrique_Bernoldi
bertaggia	Enrico Bertaggia	missing	http://en.wikipedia.org/wiki/Enrico_Bertaggia
bettenhausen	Tony Bettenhausen	missing	http://en.wikipedia.org/wiki/Tony_Bettenhausen
beuttler	Mike Beuttler	missing	http://en.wikipedia.org/wiki/Mike_Beuttler
bianchi	Lucien Bianchi	missing	http://en.wikipedia.org/wiki/Lucien_Bianchi
jules_bianchi	Jules Bianchi	missing	http://en.wikipedia.org/wiki/Jules_Bianchi
bianco	Gino Bianco	missing	http://en.wikipedia.org/wiki/Gino_Bianco
binder	Hans Binder	missing	http://en.wikipedia.org/wiki/Hans_Binder
biondetti	Clemente Biondetti	missing	http://en.wikipedia.org/wiki/Clemente_Biondetti
bira	Prince Bira	missing	http://en.wikipedia.org/wiki/Prince_Bira
birger	Pablo Birger	missing	http://en.wikipedia.org/wiki/Pablo_Birger
bisch	Art Bisch	missing	http://en.wikipedia.org/wiki/Art_Bisch
blanchard	Harry Blanchard	missing	http://en.wikipedia.org/wiki/Harry_Blanchard
bleekemolen	Michael Bleekemolen	valid	http://en.wikipedia.org/wiki/Michael_Bleekemolen
blignaut	Alex Blignaut	missing	http://en.wikipedia.org/wiki/Alex_Blignaut
blokdyk	Trevor Blokdyk	missing	http://en.wikipedia.org/wiki/Trevor_Blokdyk
blundell	Mark Blundell	missing	http://en.wikipedia.org/wiki/Mark_Blundell
boesel	Raul Boesel	valid	http://en.wikipedia.org/wiki/Raul_Boesel
boffa	Menato Boffa	missing	http://en.wikipedia.org/wiki/Menato_Boffa
bondurant	Bob Bondurant	missing	http://en.wikipedia.org/wiki/Bob_Bondurant
bonetto	Felice Bonetto	missing	http://en.wikipedia.org/wiki/Felice_Bonetto
bonnier	Jo Bonnier	missing	http://en.wikipedia.org/wiki/Joakim_Bonnier
bonomi	Roberto Bonomi	missing	http://en.wikipedia.org/wiki/Roberto_Bonomi
bordeu	Juan Manuel Bordeu	missing	http://en.wikipedia.org/wiki/Juan_Manuel_Bordeu
borgudd	Slim Borgudd	valid	http://en.wikipedia.org/wiki/Slim_Borgudd
bortoleto	Gabriel Bortoleto	valid	https://en.wikipedia.org/wiki/Gabriel_Bortoleto
botha	Luki Botha	missing	http://en.wikipedia.org/wiki/Luki_Botha
bottas	Valtteri Bottas	valid	http://en.wikipedia.org/wiki/Valtteri_Bottas
boullion	Jean-Christophe Boullion	missing	http://en.wikipedia.org/wiki/Jean-Christophe_Boullion
bourdais	Sébastien Bourdais	missing	http://en.wikipedia.org/wiki/S%C3%A9bastien_Bourdais
boutsen	Thierry Boutsen	missing	http://en.wikipedia.org/wiki/Thierry_Boutsen
boyd	Johnny Boyd	missing	http://en.wikipedia.org/wiki/Johnny_Boyd
jack_brabham	Jack Brabham	missing	http://en.wikipedia.org/wiki/Jack_Brabham
gary_brabham	Gary Brabham	missing	http://en.wikipedia.org/wiki/Gary_Brabham
brabham	David Brabham	valid	http://en.wikipedia.org/wiki/David_Brabham
brack	Bill Brack	missing	http://en.wikipedia.org/wiki/Bill_Brack
ernesto_brambilla	Ernesto Brambilla	missing	http://en.wikipedia.org/wiki/Ernesto_Brambilla
brambilla	Vittorio Brambilla	missing	http://en.wikipedia.org/wiki/Vittorio_Brambilla
branca	Toni Branca	missing	http://en.wikipedia.org/wiki/Toni_Branca
brancatelli	Gianfranco Brancatelli	missing	http://en.wikipedia.org/wiki/Gianfranco_Brancatelli
brandon	Eric Brandon	missing	http://en.wikipedia.org/wiki/Eric_Brandon
branson	Don Branson	missing	http://en.wikipedia.org/wiki/Don_Branson
bridger	Tom Bridger	missing	http://en.wikipedia.org/wiki/Tom_Bridger
brise	Tony Brise	missing	http://en.wikipedia.org/wiki/Tony_Brise
bristow	Chris Bristow	missing	http://en.wikipedia.org/wiki/Chris_Bristow
broeker	Peter Broeker	missing	http://en.wikipedia.org/wiki/Peter_Broeker
brooks	Tony Brooks	missing	http://en.wikipedia.org/wiki/Tony_Brooks
walt_brown	Walt Brown	missing	http://en.wikipedia.org/wiki/Walt_Brown_(auto_racer)
alan_brown	Alan Brown	missing	http://en.wikipedia.org/wiki/Alan_Brown_(racing_driver)
brown	Warwick Brown	missing	http://en.wikipedia.org/wiki/Warwick_Brown
luke_browning	Luke Browning	missing	
brudes	Adolf Brudes	missing	http://en.wikipedia.org/wiki/Adolf_Brudes
brundle	Martin Brundle	missing	http://en.wikipedia.org/wiki/Martin_Brundle
bruni	Gianmaria Bruni	missing	http://en.wikipedia.org/wiki/Gianmaria_Bruni
bryan	Jimmy Bryan	missing	http://en.wikipedia.org/wiki/Jimmy_Bryan
bucci	Clemar Bucci	missing	http://en.wikipedia.org/wiki/Clemar_Bucci
bucknum	Ronnie Bucknum	missing	http://en.wikipedia.org/wiki/Ronnie_Bucknum
bueb	Ivor Bueb	valid	http://en.wikipedia.org/wiki/Ivor_Bueb
buemi	Sébastien Buemi	missing	http://en.wikipedia.org/wiki/S%C3%A9bastien_Buemi
bueno	Luiz Bueno	missing	http://en.wikipedia.org/wiki/Luiz_Bueno
burgess	Ian Burgess	missing	http://en.wikipedia.org/wiki/Ian_Burgess
burti	Luciano Burti	missing	http://en.wikipedia.org/wiki/Luciano_Burti
bussinello	Roberto Bussinello	missing	http://en.wikipedia.org/wiki/Roberto_Bussinello
button	Jenson Button	missing	http://en.wikipedia.org/wiki/Jenson_Button
byrne	Tommy Byrne	missing	http://en.wikipedia.org/wiki/Tommy_Byrne_%28racing_driver%29
cabantous	Yves Cabantous	missing	http://en.wikipedia.org/wiki/Yves_Giraud_Cabantous
cabianca	Giulio Cabianca	missing	http://en.wikipedia.org/wiki/Giulio_Cabianca
cabral	Mário de Araújo Cabral	missing	http://en.wikipedia.org/wiki/Mario_de_Araujo_Cabral
cade	Phil Cade	missing	http://en.wikipedia.org/wiki/Phil_Cade
caffi	Alex Caffi	missing	http://en.wikipedia.org/wiki/Alex_Caffi
campbell-jones	John Campbell-Jones	missing	http://en.wikipedia.org/wiki/John_Campbell-Jones
campos	Adrián Campos	missing	http://en.wikipedia.org/wiki/Adri%C3%A1n_Campos
Cannoc	John Cannon	missing	http://en.wikipedia.org/wiki/John_Cannon_(auto_racer)
cantoni	Eitel Cantoni	missing	http://en.wikipedia.org/wiki/Eitel_Cantoni
cantrell	Bill Cantrell	missing	http://en.wikipedia.org/wiki/William_Cantrell
capelli	Ivan Capelli	missing	http://en.wikipedia.org/wiki/Ivan_Capelli
carini	Piero Carini	missing	http://en.wikipedia.org/wiki/Piero_Carini
darter	Duane Carter	missing	http://en.wikipedia.org/wiki/Duane_Carter
castellotti	Eugenio Castellotti	missing	http://en.wikipedia.org/wiki/Eugenio_Castellotti
cecotto	Johnny Cecotto	missing	http://en.wikipedia.org/wiki/Johnny_Cecotto
cevert	François Cevert	valid	http://en.wikipedia.org/wiki/Fran%C3%A7ois_Cevert
chaboud	Eugène Chaboud	missing	http://en.wikipedia.org/wiki/Eug%C3%A8ne_Chaboud
chamberlain	Jay Chamberlain	missing	http://en.wikipedia.org/wiki/Jay_Chamberlain
chandhok	Karun Chandhok	valid	http://en.wikipedia.org/wiki/Karun_Chandhok
chapman	Colin Chapman	missing	http://en.wikipedia.org/wiki/Colin_Chapman
charlton	Dave Charlton	missing	http://en.wikipedia.org/wiki/Dave_Charlton
chaves	Pedro Chaves	missing	http://en.wikipedia.org/wiki/Pedro_Chaves
cheesbourg	Bill Cheesbourg	missing	http://en.wikipedia.org/wiki/Bill_Cheesbourg
cheever	Eddie Cheever	missing	http://en.wikipedia.org/wiki/Eddie_Cheever
chiesa	Andrea Chiesa	missing	http://en.wikipedia.org/wiki/Andrea_Chiesa
chilton	Max Chilton	missing	http://en.wikipedia.org/wiki/Max_Chilton
chimeri	Ettore Chimeri	missing	http://en.wikipedia.org/wiki/Ettore_Chimeri
chiron	Louis Chiron	missing	http://en.wikipedia.org/wiki/Louis_Chiron
chitwood	Joie Chitwood	missing	http://en.wikipedia.org/wiki/Joie_Chitwood
christie	Bob Christie	missing	http://en.wikipedia.org/wiki/Bob_Christie_(racing_driver)
claes	Johnny Claes	missing	http://en.wikipedia.org/wiki/Johnny_Claes
clapham	David Clapham	missing	http://en.wikipedia.org/wiki/David_Clapham
clark	Jim Clark	valid	http://en.wikipedia.org/wiki/Jim_Clark
cogan	Kevin Cogan	missing	http://en.wikipedia.org/wiki/Kevin_Cogan
colapinto	Franco Colapinto	valid	http://en.wikipedia.org/wiki/Franco_Colapinto
collins	Peter Collins	missing	http://en.wikipedia.org/wiki/Peter_Collins_(racing_driver)
collomb	Bernard Collomb	missing	http://en.wikipedia.org/wiki/Bernard_Collomb
colombo	Alberto Colombo	missing	http://en.wikipedia.org/wiki/Alberto_Colombo
comas	Érik Comas	missing	http://en.wikipedia.org/wiki/%C3%89rik_Comas
comotti	Franco Comotti	missing	http://en.wikipedia.org/wiki/Franco_Comotti
george_connor	George Connor	missing	http://en.wikipedia.org/wiki/George_Connor_(driver)
constantine	George Constantine	missing	http://en.wikipedia.org/wiki/George_Constantine
cordts	John Cordts	missing	http://en.wikipedia.org/wiki/John_Cordts
coulthard	David Coulthard	valid	http://en.wikipedia.org/wiki/David_Coulthard
courage	Piers Courage	valid	http://en.wikipedia.org/wiki/Piers_Courage
craft	Chris Craft	missing	http://en.wikipedia.org/wiki/Chris_Craft_(racing_driver)
ray_crawford	Ray Crawford	missing	http://en.wikipedia.org/wiki/Ray_Crawford
crawford	Jim Crawford	valid	http://en.wikipedia.org/wiki/Jim_Crawford_(driver)
jak_crawford	Jak Crawford	missing	
crespo	Alberto Crespo	valid	http://en.wikipedia.org/wiki/Alberto_Crespo
creus	Antonio Creus	missing	http://en.wikipedia.org/wiki/Antonio_Creus
crockett	Larry Crockett	missing	http://en.wikipedia.org/wiki/Larry_Crockett
crook	Tony Crook	missing	http://en.wikipedia.org/wiki/Tony_Crook
cross	Art Cross	missing	http://en.wikipedia.org/wiki/Art_Cross
crossley	Geoff Crossley	missing	http://en.wikipedia.org/wiki/Geoff_Crossley
cruz	Adolfo Cruz	missing	http://en.wikipedia.org/wiki/Adolfo_Schewelm_Cruz
daigh	Chuck Daigh	missing	http://en.wikipedia.org/wiki/Chuck_Daigh
dalmas	Yannick Dalmas	missing	http://en.wikipedia.org/wiki/Yannick_Dalmas
daly	Derek Daly	missing	http://en.wikipedia.org/wiki/Derek_Daly
danner	Christian Danner	missing	http://en.wikipedia.org/wiki/Christian_Danner
daponte	Jorge Daponte	missing	http://en.wikipedia.org/wiki/Jorge_Daponte
davidson	Anthony Davidson	missing	http://en.wikipedia.org/wiki/Anthony_Davidson
davies	Jimmy Davies	missing	http://en.wikipedia.org/wiki/Jimmy_Davies
davis	Colin Davis	missing	http://en.wikipedia.org/wiki/Colin_Davis_(driver)
daywalt	Jimmy Daywalt	missing	http://en.wikipedia.org/wiki/Jimmy_Daywalt
depailler	Patrick Depailler	missing	http://en.wikipedia.org/wiki/Patrick_Depailler
diniz	Pedro Diniz	missing	http://en.wikipedia.org/wiki/Pedro_Diniz
dinsmore	Duke Dinsmore	missing	http://en.wikipedia.org/wiki/Duke_Dinsmore
dochnal	Frank Dochnal	missing	http://en.wikipedia.org/wiki/Frank_Dochnal
dolhem	José Dolhem	missing	http://en.wikipedia.org/wiki/Jos%C3%A9_Dolhem
donnelly	Martin Donnelly	missing	http://en.wikipedia.org/wiki/Martin_Donnelly_(racing_driver)
donohue	Mark Donohue	missing	http://en.wikipedia.org/wiki/Mark_Donohue
doohan	Jack Doohan	valid	http://en.wikipedia.org/wiki/Jack_Doohan
doornbos	Robert Doornbos	missing	http://en.wikipedia.org/wiki/Robert_Doornbos
downing	Ken Downing	missing	http://en.wikipedia.org/wiki/Ken_Downing
drake	Bob Drake	missing	http://en.wikipedia.org/wiki/Bob_Drake_(Formula_One)
driver	Paddy Driver	missing	http://en.wikipedia.org/wiki/Paddy_Driver
drogo	Piero Drogo	missing	http://en.wikipedia.org/wiki/Piero_Drogo
felipe_drugovich	Felipe Drugovich	missing	
duke	Geoff Duke	missing	http://en.wikipedia.org/wiki/Geoff_Duke
dumfries	Johnny Dumfries	missing	http://en.wikipedia.org/wiki/Johnny_Dumfries
duncan	Len Duncan	missing	http://en.wikipedia.org/wiki/Len_Duncan
alexander_dunne	Alexander Dunne	missing	
dusio	Piero Dusio	missing	http://en.wikipedia.org/wiki/Piero_Dusio
deletraz	Jean-Denis Délétraz	missing	http://en.wikipedia.org/wiki/Jean-Denis_Deletraz
eaton	George Eaton	missing	http://en.wikipedia.org/wiki/George_Eaton
ecclestone	Bernie Ecclestone	valid	http://en.wikipedia.org/wiki/Bernie_Ecclestone
edmunds	Don Edmunds	missing	http://en.wikipedia.org/wiki/Don_Edmunds
edwards	Guy Edwards	missing	http://en.wikipedia.org/wiki/Guy_Edwards
elford	Vic Elford	missing	http://en.wikipedia.org/wiki/Vic_Elford
elisian	Ed Elisian	missing	http://en.wikipedia.org/wiki/Ed_Elisian
emery	Paul Emery	missing	http://en.wikipedia.org/wiki/Paul_Emery
enge	Tomáš Enge	missing	http://en.wikipedia.org/wiki/Tom%C3%A1%C5%A1_Enge
england	Paul England	missing	http://en.wikipedia.org/wiki/Paul_England
ericsson	Marcus Ericsson	valid	http://en.wikipedia.org/wiki/Marcus_Ericsson
ertl	Harald Ertl	missing	http://en.wikipedia.org/wiki/Harald_Ertl
estefano	Nasif Estéfano	missing	http://en.wikipedia.org/wiki/Nasif_Est%C3%A9fano
evans	Bob Evans	missing	http://en.wikipedia.org/wiki/Bob_Evans_(race_driver)
fabi	Teo Fabi	missing	http://en.wikipedia.org/wiki/Teo_Fabi
corrado_fabi	Corrado Fabi	missing	http://en.wikipedia.org/wiki/Corrado_Fabi
fabre	Pascal Fabre	missing	http://en.wikipedia.org/wiki/Pascal_Fabre
facetti	Carlo Facetti	missing	http://en.wikipedia.org/wiki/Carlo_Facetti
fagioli	Luigi Fagioli	missing	http://en.wikipedia.org/wiki/Luigi_Fagioli
fairman	Jack Fairman	missing	http://en.wikipedia.org/wiki/Jack_Fairman
fangio	Juan Fangio	valid	http://en.wikipedia.org/wiki/Juan_Manuel_Fangio
farina	Nino Farina	missing	http://en.wikipedia.org/wiki/Nino_Farina
faulkner	Walt Faulkner	missing	http://en.wikipedia.org/wiki/Walt_Faulkner
firman	Ralph Firman	missing	http://en.wikipedia.org/wiki/Ralph_Firman
fischer	Rudi Fischer	valid	http://en.wikipedia.org/wiki/Rudi_Fischer
fisher	Mike Fisher	missing	http://en.wikipedia.org/wiki/Mike_Fisher_(driver)
fisichella	Giancarlo Fisichella	missing	http://en.wikipedia.org/wiki/Giancarlo_Fisichella
fitch	John Fitch	missing	http://en.wikipedia.org/wiki/John_Fitch_(driver)
emerson_fittipaldi	Emerson Fittipaldi	missing	http://en.wikipedia.org/wiki/Emerson_Fittipaldi
wilson_fittipaldi	Wilson Fittipaldi	valid	http://en.wikipedia.org/wiki/Wilson_Fittipaldi
fittipaldi	Christian Fittipaldi	missing	http://en.wikipedia.org/wiki/Christian_Fittipaldi
pietro_fittipaldi	Pietro Fittipaldi	valid	http://en.wikipedia.org/wiki/Pietro_Fittipaldi
fitzau	Theo Fitzau	missing	http://en.wikipedia.org/wiki/Theo_Fitzau
flaherty	Pat Flaherty	missing	http://en.wikipedia.org/wiki/Pat_Flaherty_(racing_driver)
flinterman	Jan Flinterman	missing	http://en.wikipedia.org/wiki/Jan_Flinterman
flockhart	Ron Flockhart	missing	http://en.wikipedia.org/wiki/Ron_Flockhart_(auto_racing)
fohr	Myron Fohr	missing	http://en.wikipedia.org/wiki/Myron_Fohr
foitek	Gregor Foitek	missing	http://en.wikipedia.org/wiki/Gregor_Foitek
follmer	George Follmer	missing	http://en.wikipedia.org/wiki/George_Follmer
fonder	George Fonder	missing	http://en.wikipedia.org/wiki/George_Fonder
fontana	Norberto Fontana	missing	http://en.wikipedia.org/wiki/Norberto_Fontana
fontes	Azdrubal Fontes	missing	http://en.wikipedia.org/wiki/Azdrubal_Fontes
forberg	Carl Forberg	missing	http://en.wikipedia.org/wiki/Carl_Forberg
force	Gene Force	missing	http://en.wikipedia.org/wiki/Gene_Force
forini	Franco Forini	missing	http://en.wikipedia.org/wiki/Franco_Forini
leonardo_fornaroli	Leonardo Fornaroli	missing	
parker	Philip Fotheringham-Parker	missing	http://en.wikipedia.org/wiki/Philip_Fotheringham-Parker
foyt	Anthony Foyt	missing	http://en.wikipedia.org/wiki/A.J._Foyt
gimax	Carlo Franchi	missing	http://en.wikipedia.org/wiki/Gimax
francia	Giorgio Francia	missing	http://en.wikipedia.org/wiki/Giorgio_Francia
freeland	Don Freeland	missing	http://en.wikipedia.org/wiki/Don_Freeland
frentzen	Heinz-Harald Frentzen	missing	http://en.wikipedia.org/wiki/Heinz-Harald_Frentzen
friesacher	Patrick Friesacher	missing	http://en.wikipedia.org/wiki/Patrick_Friesacher
fry	Joe Fry	missing	http://en.wikipedia.org/wiki/Joe_Fry
frere	Paul Frère	missing	http://en.wikipedia.org/wiki/Paul_Fr%C3%A8re
antonio_fuoco	Antonio Fuoco	missing	
fushida	Hiroshi Fushida	missing	http://en.wikipedia.org/wiki/Hiroshi_Fushida
gabbiani	Beppe Gabbiani	missing	http://en.wikipedia.org/wiki/Beppe_Gabbiani
gachot	Bertrand Gachot	valid	http://en.wikipedia.org/wiki/Bertrand_Gachot
gaillard	Patrick Gaillard	missing	http://en.wikipedia.org/wiki/Patrick_Gaillard
galica	Divina Galica	missing	http://en.wikipedia.org/wiki/Divina_Galica
galli	Nanni Galli	missing	http://en.wikipedia.org/wiki/Nanni_Galli
gamble	Fred Gamble	missing	http://en.wikipedia.org/wiki/Fred_Gamble_(racing_driver)
ganley	Howden Ganley	missing	http://en.wikipedia.org/wiki/Howden_Ganley
gardner	Frank Gardner	missing	http://en.wikipedia.org/wiki/Frank_Gardner_(driver)
garrett	Billy Garrett	missing	http://en.wikipedia.org/wiki/Billy_Garrett
gartner	Jo Gartner	missing	http://en.wikipedia.org/wiki/Jo_Gartner
gasly	Pierre Gasly	valid	http://en.wikipedia.org/wiki/Pierre_Gasly
gaze	Tony Gaze	missing	http://en.wikipedia.org/wiki/Tony_Gaze
gendebien	Olivier Gendebien	missing	http://en.wikipedia.org/wiki/Olivier_Gendebien
gene	Marc Gené	missing	http://en.wikipedia.org/wiki/Marc_Gen%C3%A9
george	Elmer George	missing	http://en.wikipedia.org/wiki/Elmer_George
gerard	Bob Gerard	missing	http://en.wikipedia.org/wiki/Bob_Gerard
gerini	Gerino Gerini	missing	http://en.wikipedia.org/wiki/Gerino_Gerini_(racing_driver)
gethin	Peter Gethin	missing	http://en.wikipedia.org/wiki/Peter_Gethin
ghinzani	Piercarlo Ghinzani	missing	http://en.wikipedia.org/wiki/Piercarlo_Ghinzani
giacomelli	Bruno Giacomelli	missing	http://en.wikipedia.org/wiki/Bruno_Giacomelli
gibson	Dick Gibson	missing	http://en.wikipedia.org/wiki/Dick_Gibson
ginther	Richie Ginther	missing	http://en.wikipedia.org/wiki/Richie_Ginther
giovinazzi	Antonio Giovinazzi	valid	http://en.wikipedia.org/wiki/Antonio_Giovinazzi
giunti	Ignazio Giunti	missing	http://en.wikipedia.org/wiki/Ignazio_Giunti
glock	Timo Glock	missing	http://en.wikipedia.org/wiki/Timo_Glock
godia	Paco Godia	missing	http://en.wikipedia.org/wiki/Paco_Godia
goethals	Christian Goethals	missing	http://en.wikipedia.org/wiki/Christian_Goethals
goldsmith	Paul Goldsmith	missing	http://en.wikipedia.org/wiki/Paul_Goldsmith
gonzalez	José Froilán González	missing	http://en.wikipedia.org/wiki/Jos%C3%A9_Froil%C3%A1n_Gonz%C3%A1lez
oscar_gonzalez	Óscar González	missing	http://en.wikipedia.org/wiki/%C3%93scar_Gonz%C3%A1lez_(racing_driver)
gordini	Aldo Gordini	missing	http://en.wikipedia.org/wiki/Aldo_Gordini
gould	Horace Gould	missing	http://en.wikipedia.org/wiki/Horace_Gould
gounon	Jean-Marc Gounon	missing	http://en.wikipedia.org/wiki/Jean-Marc_Gounon
green	Cecil Green	missing	http://en.wikipedia.org/wiki/Cecil_Green
greene	Keith Greene	missing	http://en.wikipedia.org/wiki/Keith_Greene
gregory	Masten Gregory	missing	http://en.wikipedia.org/wiki/Masten_Gregory
griffith	Cliff Griffith	missing	http://en.wikipedia.org/wiki/Cliff_Griffith
grignard	Georges Grignard	missing	http://en.wikipedia.org/wiki/Georges_Grignard
grim	Bobby Grim	missing	http://en.wikipedia.org/wiki/Bobby_Grim
grosjean	Romain Grosjean	valid	http://en.wikipedia.org/wiki/Romain_Grosjean
grouillard	Olivier Grouillard	missing	http://en.wikipedia.org/wiki/Olivier_Grouillard
gubby	Brian Gubby	missing	http://en.wikipedia.org/wiki/Brian_Gubby
guelfi	André Guelfi	missing	http://en.wikipedia.org/wiki/Andr%C3%A9_Guelfi
guerra	Miguel Ángel Guerra	missing	http://en.wikipedia.org/wiki/Miguel_Angel_Guerra
guerrero	Roberto Guerrero	missing	http://en.wikipedia.org/wiki/Roberto_Guerrero
gugelmin	Maurício Gugelmin	missing	http://en.wikipedia.org/wiki/Maur%C3%ADcio_Gugelmin
gurney	Dan Gurney	missing	http://en.wikipedia.org/wiki/Dan_Gurney
gutierrez	Esteban Gutiérrez	valid	http://en.wikipedia.org/wiki/Esteban_Guti%C3%A9rrez
galvez	Oscar Gálvez	missing	http://en.wikipedia.org/wiki/%C3%93scar_Alfredo_G%C3%A1lvez
hadjar	Isack Hadjar	valid	https://en.wikipedia.org/wiki/Isack_Hadjar
hahne	Hubert Hahne	missing	http://en.wikipedia.org/wiki/Hubert_Hahne
hailwood	Mike Hailwood	missing	http://en.wikipedia.org/wiki/Mike_Hailwood
halford	Bruce Halford	missing	http://en.wikipedia.org/wiki/Bruce_Halford
hall	Jim Hall	missing	http://en.wikipedia.org/wiki/Jim_Hall_(race_car_driver)
duncan_hamilton	Duncan Hamilton	missing	http://en.wikipedia.org/wiki/Duncan_Hamilton_(racing_driver)
hamilton	Lewis Hamilton	missing	http://en.wikipedia.org/wiki/Lewis_Hamilton
hampshire	David Hampshire	missing	http://en.wikipedia.org/wiki/David_Hampshire
hanks	Sam Hanks	missing	http://en.wikipedia.org/wiki/Sam_Hanks
hansgen	Walt Hansgen	missing	http://en.wikipedia.org/wiki/Walt_Hansgen
harris	Mike Harris	missing	http://en.wikipedia.org/wiki/Mike_Harris_(race_car_driver)
harrison	Cuth Harrison	missing	http://en.wikipedia.org/wiki/Cuth_Harrison
hart	Brian Hart	missing	http://en.wikipedia.org/wiki/Brian_Hart
hartley	Gene Hartley	missing	http://en.wikipedia.org/wiki/Gene_Hartley
brendon_hartley	Brendon Hartley	valid	http://en.wikipedia.org/wiki/Brendon_Hartley
haryanto	Rio Haryanto	missing	http://en.wikipedia.org/wiki/Rio_Haryanto
hasemi	Masahiro Hasemi	missing	http://en.wikipedia.org/wiki/Masahiro_Hasemi
hattori	Naoki Hattori	valid	http://en.wikipedia.org/wiki/Naoki_Hattori
hawkins	Paul Hawkins	missing	http://en.wikipedia.org/wiki/Paul_Hawkins_(racing_driver)
hawthorn	Mike Hawthorn	missing	http://en.wikipedia.org/wiki/Mike_Hawthorn
heeks	Willi Heeks	missing	http://en.wikipedia.org/wiki/Willi_Heeks
heidfeld	Nick Heidfeld	missing	http://en.wikipedia.org/wiki/Nick_Heidfeld
helfrich	Theo Helfrich	missing	http://en.wikipedia.org/wiki/Theo_Helfrich
hellings	Mack Hellings	missing	http://en.wikipedia.org/wiki/Mack_Hellings
henton	Brian Henton	missing	http://en.wikipedia.org/wiki/Brian_Henton
herbert	Johnny Herbert	missing	http://en.wikipedia.org/wiki/Johnny_Herbert
herman	Al Herman	missing	http://en.wikipedia.org/wiki/Al_Herman
herrmann	Hans Herrmann	valid	http://en.wikipedia.org/wiki/Hans_Herrmann
colton_herta	Colton Herta	missing	
hesnault	François Hesnault	missing	http://en.wikipedia.org/wiki/Fran%C3%A7ois_Hesnault
heyer	Hans Heyer	missing	http://en.wikipedia.org/wiki/Hans_Heyer
hill	Graham Hill	missing	http://en.wikipedia.org/wiki/Graham_Hill
phil_hill	Phil Hill	missing	http://en.wikipedia.org/wiki/Phil_Hill
damon_hill	Damon Hill	valid	http://en.wikipedia.org/wiki/Damon_Hill
ryo_hirakawa	Ryo Hirakawa	missing	
hirt	Peter Hirt	missing	http://en.wikipedia.org/wiki/Peter_Hirt
hobbs	David Hobbs	missing	http://en.wikipedia.org/wiki/David_Hobbs_(racing_driver)
hocking	Gary Hocking	missing	http://en.wikipedia.org/wiki/Gary_Hocking
hoffmann	Ingo Hoffmann	missing	http://en.wikipedia.org/wiki/Ingo_Hoffmann
holland	Bill Holland	missing	http://en.wikipedia.org/wiki/Bill_Holland
holmes	Jackie Holmes	missing	http://en.wikipedia.org/wiki/Jackie_Holmes
homeier	Bill Homeier	missing	http://en.wikipedia.org/wiki/Bill_Homeier
hoshino	Kazuyoshi Hoshino	missing	http://en.wikipedia.org/wiki/Kazuyoshi_Hoshino
hoyt	Jerry Hoyt	missing	http://en.wikipedia.org/wiki/Jerry_Hoyt
hulme	Denny Hulme	missing	http://en.wikipedia.org/wiki/Denny_Hulme
hunt	James Hunt	missing	http://en.wikipedia.org/wiki/James_Hunt
hurtubise	Jim Hurtubise	missing	http://en.wikipedia.org/wiki/Jim_Hurtubise
hutchison	Gus Hutchison	missing	http://en.wikipedia.org/wiki/Gus_Hutchison
hakkinen	Mika Häkkinen	missing	http://en.wikipedia.org/wiki/Mika_H%C3%A4kkinen
hulkenberg	Nico Hülkenberg	valid	http://en.wikipedia.org/wiki/Nico_H%C3%BClkenberg
ickx	Jacky Ickx	missing	http://en.wikipedia.org/wiki/Jacky_Ickx
ide	Yuji Ide	valid	http://en.wikipedia.org/wiki/Yuji_Ide
iglesias	Jesús Iglesias	missing	http://en.wikipedia.org/wiki/Jes%C3%BAs_Iglesias
inoue	Taki Inoue	missing	http://en.wikipedia.org/wiki/Taki_Inoue
ireland	Innes Ireland	missing	http://en.wikipedia.org/wiki/Innes_Ireland
irvine	Eddie Irvine	missing	http://en.wikipedia.org/wiki/Eddie_Irvine
irwin	Chris Irwin	missing	http://en.wikipedia.org/wiki/Chris_Irwin
ayumu_iwasa	Ayumu Iwasa	missing	
jabouille	Jean-Pierre Jabouille	valid	http://en.wikipedia.org/wiki/Jean-Pierre_Jabouille
jackson	Jimmy Jackson	missing	http://en.wikipedia.org/wiki/Jimmy_Jackson_(driver)
james	Joe James	missing	http://en.wikipedia.org/wiki/Joe_James_(racing_driver)
john_james	John James	missing	http://en.wikipedia.org/wiki/John_James_(auto_racer)
jarier	Jean-Pierre Jarier	missing	http://en.wikipedia.org/wiki/Jean-Pierre_Jarier
jean	Max Jean	missing	http://en.wikipedia.org/wiki/Max_Jean
johansson	Stefan Johansson	missing	http://en.wikipedia.org/wiki/Stefan_Johansson
leslie_johnson	Leslie Johnson	missing	http://en.wikipedia.org/wiki/Leslie_Johnson_(racing_driver)
johnson	Eddie Johnson	missing	http://en.wikipedia.org/wiki/Eddie_Johnson_(auto_racer)
johnstone	Bruce Johnstone	missing	http://en.wikipedia.org/wiki/Bruce_Johnstone_(racing_driver)
tom_jones	Tom Jones	missing	http://en.wikipedia.org/wiki/Tom_Jones_(auto_racer)
jones	Alan Jones	missing	http://en.wikipedia.org/wiki/Alan_Jones_(Formula_1)
jover	Juan Jover	missing	http://en.wikipedia.org/wiki/Juan_Jover
lehto	Jyrki Järvilehto	missing	http://en.wikipedia.org/wiki/Jyrki_J%C3%A4rvilehto
karch	Oswald Karch	missing	http://en.wikipedia.org/wiki/Oswald_Karch
karthikeyan	Narain Karthikeyan	missing	http://en.wikipedia.org/wiki/Narain_Karthikeyan
katayama	Ukyo Katayama	missing	http://en.wikipedia.org/wiki/Ukyo_Katayama
kavanagh	Ken Kavanagh	missing	http://en.wikipedia.org/wiki/Ken_Kavanagh
keegan	Rupert Keegan	missing	http://en.wikipedia.org/wiki/Rupert_Keegan
keizan	Eddie Keizan	missing	http://en.wikipedia.org/wiki/Eddie_Keizan
keller	Al Keller	missing	http://en.wikipedia.org/wiki/Al_Keller
kelly	Joe Kelly	missing	http://en.wikipedia.org/wiki/Joe_Kelly_(Formula_One)
kennedy	Dave Kennedy	missing	http://en.wikipedia.org/wiki/David_Kennedy_(racing_driver)
kessel	Loris Kessel	missing	http://en.wikipedia.org/wiki/Loris_Kessel
kessler	Bruce Kessler	missing	http://en.wikipedia.org/wiki/Bruce_Kessler
kiesa	Nicolas Kiesa	missing	http://en.wikipedia.org/wiki/Nicolas_Kiesa
kinnunen	Leo Kinnunen	missing	http://en.wikipedia.org/wiki/Leo_Kinnunen
kladis	Danny Kladis	missing	http://en.wikipedia.org/wiki/Danny_Kladis
klenk	Hans Klenk	missing	http://en.wikipedia.org/wiki/Hans_Klenk
klien	Christian Klien	valid	http://en.wikipedia.org/wiki/Christian_Klien
kling	Karl Kling	missing	http://en.wikipedia.org/wiki/Karl_Kling
klodwig	Ernst Klodwig	missing	http://en.wikipedia.org/wiki/Ernst_Klodwig
kobayashi	Kamui Kobayashi	missing	http://en.wikipedia.org/wiki/Kamui_Kobayashi
koinigg	Helmuth Koinigg	valid	http://en.wikipedia.org/wiki/Helmuth_Koinigg
kovalainen	Heikki Kovalainen	missing	http://en.wikipedia.org/wiki/Heikki_Kovalainen
kozarowitzky	Mikko Kozarowitzky	missing	http://en.wikipedia.org/wiki/Mikko_Kozarowitzky
krause	Rudolf Krause	missing	http://en.wikipedia.org/wiki/Rudolf_Krause
kubica	Robert Kubica	valid	http://en.wikipedia.org/wiki/Robert_Kubica
kuhnke	Kurt Kuhnke	missing	http://en.wikipedia.org/wiki/Kurt_Kuhnke
kvyat	Daniil Kvyat	valid	http://en.wikipedia.org/wiki/Daniil_Kvyat
la_caze	Robert La Caze	missing	http://en.wikipedia.org/wiki/Robert_La_Caze
laffite	Jacques Laffite	missing	http://en.wikipedia.org/wiki/Jacques_Laffite
lagorce	Franck Lagorce	missing	http://en.wikipedia.org/wiki/Franck_Lagorce
lammers	Jan Lammers	valid	http://en.wikipedia.org/wiki/Jan_Lammers
lamy	Pedro Lamy	missing	http://en.wikipedia.org/wiki/Pedro_Lamy
landi	Chico Landi	missing	http://en.wikipedia.org/wiki/Chico_Landi
lang	Hermann Lang	missing	http://en.wikipedia.org/wiki/Hermann_Lang
langes	Claudio Langes	missing	http://en.wikipedia.org/wiki/Claudio_Langes
larini	Nicola Larini	valid	http://en.wikipedia.org/wiki/Nicola_Larini
larrauri	Oscar Larrauri	missing	http://en.wikipedia.org/wiki/Oscar_Larrauri
larreta	Alberto Rodriguez Larreta	missing	http://en.wikipedia.org/wiki/Alberto_Rodriguez_Larreta
larrousse	Gérard Larrousse	missing	http://en.wikipedia.org/wiki/G%C3%A9rard_Larrousse
larson	Jud Larson	missing	http://en.wikipedia.org/wiki/Jud_Larson
latifi	Nicholas Latifi	valid	http://en.wikipedia.org/wiki/Nicholas_Latifi
lauda	Niki Lauda	missing	http://en.wikipedia.org/wiki/Niki_Lauda
laurent	Roger Laurent	missing	http://en.wikipedia.org/wiki/Roger_Laurent
lavaggi	Giovanni Lavaggi	missing	http://en.wikipedia.org/wiki/Giovanni_Lavaggi
lawrence	Chris Lawrence	missing	http://en.wikipedia.org/wiki/Chris_Lawrence_(racing_driver)
lawson	Liam Lawson	valid	http://en.wikipedia.org/wiki/Liam_Lawson
leclerc	Charles Leclerc	valid	http://en.wikipedia.org/wiki/Charles_Leclerc
arthur_leclerc	Arthur Leclerc	missing	
leclere	Michel Leclère	missing	http://en.wikipedia.org/wiki/Michel_Lecl%C3%A8re
lederle	Neville Lederle	missing	http://en.wikipedia.org/wiki/Neville_Lederle
lees	Geoff Lees	missing	http://en.wikipedia.org/wiki/Geoff_Lees
legat	Arthur Legat	missing	http://en.wikipedia.org/wiki/Arthur_Legat
leoni	Lamberto Leoni	missing	http://en.wikipedia.org/wiki/Lamberto_Leoni
leston	Les Leston	missing	http://en.wikipedia.org/wiki/Les_Leston
levegh	Pierre Levegh	missing	http://en.wikipedia.org/wiki/Pierre_Levegh
levrett	Bayliss Levrett	missing	http://en.wikipedia.org/wiki/Bayliss_Levrett
lewis	Jackie Lewis	missing	http://en.wikipedia.org/wiki/Jackie_Lewis
lewis-evans	Stuart Lewis-Evans	missing	http://en.wikipedia.org/wiki/Stuart_Lewis-Evans
ligier	Guy Ligier	missing	http://en.wikipedia.org/wiki/Guy_Ligier
arvid_lindblad	Arvid Lindblad	valid	https://en.wikipedia.org/wiki/Arvid_Lindblad
linden	Andy Linden	missing	http://en.wikipedia.org/wiki/Andy_Linden_(racing_driver)
lippi	Roberto Lippi	missing	http://en.wikipedia.org/wiki/Roberto_Lippi
liuzzi	Vitantonio Liuzzi	missing	http://en.wikipedia.org/wiki/Vitantonio_Liuzzi
lombardi	Lella Lombardi	missing	http://en.wikipedia.org/wiki/Lella_Lombardi
londono	Ricardo Londoño	missing	http://en.wikipedia.org/wiki/Ricardo_Londo%C3%B1o
loof	Ernst Loof	missing	http://en.wikipedia.org/wiki/Ernst_Loof
lotterer	André Lotterer	valid	http://en.wikipedia.org/wiki/Andr%C3%A9_Lotterer
louveau	Henri Louveau	missing	http://en.wikipedia.org/wiki/Henri_Louveau
love	John Love	missing	http://en.wikipedia.org/wiki/John_Love_(racing_driver)
lovely	Pete Lovely	missing	http://en.wikipedia.org/wiki/Pete_Lovely
loyer	Roger Loyer	missing	http://en.wikipedia.org/wiki/Roger_Loyer
lucas	Jean Lucas	missing	http://en.wikipedia.org/wiki/Jean_Lucas
lucienbonnet	Jean Lucienbonnet	missing	http://en.wikipedia.org/wiki/Jean_Lucienbonnet
lunger	Brett Lunger	missing	http://en.wikipedia.org/wiki/Brett_Lunger
hayje	Boy Lunger	missing	http://en.wikipedia.org/wiki/Boy_Hayje
macdowel	Mike MacDowel	missing	http://en.wikipedia.org/wiki/Mike_MacDowel
mackay-fraser	Herbert MacKay-Fraser	missing	http://en.wikipedia.org/wiki/Herbert_MacKay-Fraser
mackey	Bill Mackey	missing	http://en.wikipedia.org/wiki/Bill_Mackey
macklin	Lance Macklin	missing	http://en.wikipedia.org/wiki/Lance_Macklin
magee	Damien Magee	missing	http://en.wikipedia.org/wiki/Damien_Magee
maggs	Tony Maggs	missing	http://en.wikipedia.org/wiki/Tony_Maggs
magill	Mike Magill	missing	http://en.wikipedia.org/wiki/Mike_Magill
maglioli	Umberto Maglioli	missing	http://en.wikipedia.org/wiki/Umberto_Maglioli
magnussen	Jan Magnussen	valid	http://en.wikipedia.org/wiki/Jan_Magnussen
kevin_magnussen	Kevin Magnussen	valid	http://en.wikipedia.org/wiki/Kevin_Magnussen
guy_mairesse	Guy Mairesse	missing	http://en.wikipedia.org/wiki/Guy_Mairesse
mairesse	Willy Mairesse	missing	http://en.wikipedia.org/wiki/Willy_Mairesse
maldonado	Pastor Maldonado	missing	http://en.wikipedia.org/wiki/Pastor_Maldonado
mansell	Nigel Mansell	missing	http://en.wikipedia.org/wiki/Nigel_Mansell
mantovani	Sergio Mantovani	missing	http://en.wikipedia.org/wiki/Sergio_Mantovani
mantz	Johnny Mantz	missing	http://en.wikipedia.org/wiki/Johnny_Mantz
manzon	Robert Manzon	missing	http://en.wikipedia.org/wiki/Robert_Manzon
marimon	Onofre Marimón	missing	http://en.wikipedia.org/wiki/Onofre_Marim%C3%B3n
marko	Helmut Marko	missing	http://en.wikipedia.org/wiki/Helmut_Marko
marques	Tarso Marques	missing	http://en.wikipedia.org/wiki/Tarso_Marques
marr	Leslie Marr	missing	http://en.wikipedia.org/wiki/Leslie_Marr
marsh	Tony Marsh	missing	http://en.wikipedia.org/wiki/Tony_Marsh_(racing_driver)
martin	Eugène Martin	missing	http://en.wikipedia.org/wiki/Eug%C3%A8ne_Martin
martini	Pierluigi Martini	missing	http://en.wikipedia.org/wiki/Pierluigi_Martini
victor_martins	Victor Martins	missing	
mass	Jochen Mass	missing	http://en.wikipedia.org/wiki/Jochen_Mass
massa	Felipe Massa	valid	http://en.wikipedia.org/wiki/Felipe_Massa
may	Michael May	missing	http://en.wikipedia.org/wiki/Michael_May_(racing_driver)
mayer	Timmy Mayer	missing	http://en.wikipedia.org/wiki/Timmy_Mayer
mazepin	Nikita Mazepin	valid	http://en.wikipedia.org/wiki/Nikita_Mazepin
mazet	François Mazet	missing	http://en.wikipedia.org/wiki/Fran%C3%A7ois_Mazet
mazzacane	Gastón Mazzacane	missing	http://en.wikipedia.org/wiki/Gast%C3%B3n_Mazzacane
mcalpine	Kenneth McAlpine	missing	http://en.wikipedia.org/wiki/Kenneth_McAlpine
mccarthy	Perry McCarthy	missing	http://en.wikipedia.org/wiki/Perry_McCarthy
mccoy	Ernie McCoy	missing	http://en.wikipedia.org/wiki/Ernie_McCoy
mcdowell	Johnny McDowell	missing	http://en.wikipedia.org/wiki/Johnny_McDowell
mcgrath	Jack McGrath	missing	http://en.wikipedia.org/wiki/Jack_McGrath_(racing_driver)
mcguire	Brian McGuire	missing	http://en.wikipedia.org/wiki/Brian_McGuire
mclaren	Bruce McLaren	missing	http://en.wikipedia.org/wiki/Bruce_McLaren
mcnish	Allan McNish	missing	http://en.wikipedia.org/wiki/Allan_McNish
mcrae	Graham McRae	missing	http://en.wikipedia.org/wiki/Graham_McRae
mcwithey	Jim McWithey	missing	http://en.wikipedia.org/wiki/Jim_McWithey
menditeguy	Carlos Menditeguy	missing	http://en.wikipedia.org/wiki/Carlos_Menditeguy
merhi	Roberto Merhi	valid	http://en.wikipedia.org/wiki/Roberto_Merhi
merzario	Arturo Merzario	missing	http://en.wikipedia.org/wiki/Arturo_Merzario
mieres	Roberto Mieres	valid	http://en.wikipedia.org/wiki/Roberto_Mieres
migault	François Migault	valid	http://en.wikipedia.org/wiki/Fran%C3%A7ois_Migault
ken_miles	Ken Miles	missing	http://en.wikipedia.org/wiki/Ken_Miles
miles	John Miles	missing	http://en.wikipedia.org/wiki/John_Miles_(auto_racer)
milhoux	André Milhoux	missing	http://en.wikipedia.org/wiki/Andr%C3%A9_Milhoux
miller	Chet Miller	missing	http://en.wikipedia.org/wiki/Chet_Miller
mitter	Gerhard Mitter	missing	http://en.wikipedia.org/wiki/Gerhard_Mitter
modena	Stefano Modena	missing	http://en.wikipedia.org/wiki/Stefano_Modena
monarch	Thomas Monarch	missing	http://en.wikipedia.org/wiki/Talk:1963_Mexican_Grand_Prix#Who_was_Thomas_Monarch.3F
montagny	Franck Montagny	missing	http://en.wikipedia.org/wiki/Franck_Montagny
monteiro	Tiago Monteiro	missing	http://en.wikipedia.org/wiki/Tiago_Monteiro
montermini	Andrea Montermini	missing	http://en.wikipedia.org/wiki/Andrea_Montermini
monteverdi	Peter Monteverdi	missing	http://en.wikipedia.org/wiki/Peter_Monteverdi
charrington	Robin Montgomerie-Charrington	missing	http://en.wikipedia.org/wiki/Robin_Montgomerie-Charrington
morbidelli	Gianni Morbidelli	missing	http://en.wikipedia.org/wiki/Gianni_Morbidelli
moreno	Roberto Moreno	valid	http://en.wikipedia.org/wiki/Roberto_Moreno
morgan	Dave Morgan	missing	http://en.wikipedia.org/wiki/Dave_Morgan_(racing_driver)
moser	Silvio Moser	valid	http://en.wikipedia.org/wiki/Silvio_Moser
moss	Stirling Moss	missing	http://en.wikipedia.org/wiki/Stirling_Moss
bill_moss	Bill Moss	missing	http://en.wikipedia.org/wiki/Bill_Moss_(racing_driver)
munaron	Gino Munaron	missing	http://en.wikipedia.org/wiki/Gino_Munaron
murray	David Murray	missing	http://en.wikipedia.org/wiki/David_Murray_(driver)
musso	Luigi Musso	missing	http://en.wikipedia.org/wiki/Luigi_Musso
satoru_nakajima	Satoru Nakajima	missing	http://en.wikipedia.org/wiki/Satoru_Nakajima
nakajima	Kazuki Nakajima	missing	http://en.wikipedia.org/wiki/Kazuki_Nakajima
nakano	Shinji Nakano	missing	http://en.wikipedia.org/wiki/Shinji_Nakano
nalon	Duke Nalon	missing	http://en.wikipedia.org/wiki/Duke_Nalon
nannini	Alessandro Nannini	missing	http://en.wikipedia.org/wiki/Alessandro_Nannini
naspetti	Emanuele Naspetti	missing	http://en.wikipedia.org/wiki/Emanuele_Naspetti
nasr	Felipe Nasr	missing	http://en.wikipedia.org/wiki/Felipe_Nasr
natili	Massimo Natili	missing	http://en.wikipedia.org/wiki/Massimo_Natili
naylor	Brian Naylor	missing	http://en.wikipedia.org/wiki/Brian_Naylor
nazaruk	Mike Nazaruk	missing	http://en.wikipedia.org/wiki/Mike_Nazaruk
needell	Tiff Needell	missing	http://en.wikipedia.org/wiki/Tiff_Needell
nelleman	Jac Nelleman	missing	http://en.wikipedia.org/wiki/Jac_Nelleman
nicholson	John Nicholson	missing	http://en.wikipedia.org/wiki/John_Nicholson_(racing_driver)
niday	Cal Niday	missing	http://en.wikipedia.org/wiki/Cal_Niday
niedermayr	Helmut Niedermayr	missing	http://en.wikipedia.org/wiki/Helmut_Niedermayr
niemann	Brausch Niemann	missing	http://en.wikipedia.org/wiki/Brausch_Niemann
nilsson	Gunnar Nilsson	missing	http://en.wikipedia.org/wiki/Gunnar_Nilsson
noda	Hideki Noda	missing	http://en.wikipedia.org/wiki/Hideki_Noda
norris	Lando Norris	valid	http://en.wikipedia.org/wiki/Lando_Norris
nuckey	Rodney Nuckey	missing	http://en.wikipedia.org/wiki/Rodney_Nuckey
neve	Patrick Nève	missing	http://en.wikipedia.org/wiki/Patrick_Neve
obrien	Robert O'Brien	missing	http://en.wikipedia.org/wiki/Robert_O%27Brien_(auto_racer)
connor	Pat O'Connor	missing	http://en.wikipedia.org/wiki/Pat_O%27Connor_(auto_racer)
patricio_o_ward	Patricio O'Ward	missing	
ocon	Esteban Ocon	valid	http://en.wikipedia.org/wiki/Esteban_Ocon
oliver	Jackie Oliver	missing	http://en.wikipedia.org/wiki/Jackie_Oliver
ongais	Danny Ongais	missing	http://en.wikipedia.org/wiki/Danny_Ongais
owen	Arthur Owen	missing	http://en.wikipedia.org/wiki/Arthur_Owen
montoya	Juan Pablo Montoya	missing	http://en.wikipedia.org/wiki/Juan_Pablo_Montoya
pace	Carlos Pace	missing	http://en.wikipedia.org/wiki/Carlos_Pace
pagani	Nello Pagani	missing	http://en.wikipedia.org/wiki/Nello_Pagani
paletti	Riccardo Paletti	missing	http://en.wikipedia.org/wiki/Riccardo_Paletti
palm	Torsten Palm	missing	http://en.wikipedia.org/wiki/Torsten_Palm
palmer	Jonathan Palmer	missing	http://en.wikipedia.org/wiki/Jonathan_Palmer
jolyon_palmer	Jolyon Palmer	missing	http://en.wikipedia.org/wiki/Jolyon_Palmer
panis	Olivier Panis	missing	http://en.wikipedia.org/wiki/Olivier_Panis
pantano	Giorgio Pantano	valid	http://en.wikipedia.org/wiki/Giorgio_Pantano
papis	Massimiliano Papis	missing	http://en.wikipedia.org/wiki/Massimiliano_Papis
parkes	Mike Parkes	missing	http://en.wikipedia.org/wiki/Mike_Parkes
reg_parnell	Reg Parnell	missing	http://en.wikipedia.org/wiki/Reg_Parnell
parnell	Tim Parnell	missing	http://en.wikipedia.org/wiki/Tim_Parnell
parsons	Johnnie Parsons	missing	http://en.wikipedia.org/wiki/Johnnie_Parsons
patrese	Riccardo Patrese	missing	http://en.wikipedia.org/wiki/Riccardo_Patrese
pease	Al Pease	missing	http://en.wikipedia.org/wiki/Al_Pease
penske	Roger Penske	missing	http://en.wikipedia.org/wiki/Roger_Penske
perdisa	Cesare Perdisa	missing	http://en.wikipedia.org/wiki/Cesare_Perdisa
perkins	Larry Perkins	missing	http://en.wikipedia.org/wiki/Larry_Perkins
pescarolo	Henri Pescarolo	missing	http://en.wikipedia.org/wiki/Henri_Pescarolo
pesenti_rossi	Alessandro Pesenti-Rossi	missing	http://en.wikipedia.org/wiki/Alessandro_Pesenti-Rossi
peters	Josef Peters	missing	http://en.wikipedia.org/wiki/Josef_Peters_(driver)
peterson	Ronnie Peterson	valid	http://en.wikipedia.org/wiki/Ronnie_Peterson
petrov	Vitaly Petrov	missing	http://en.wikipedia.org/wiki/Vitaly_Petrov
piastri	Oscar Piastri	valid	http://en.wikipedia.org/wiki/Oscar_Piastri
pic	Charles Pic	valid	http://en.wikipedia.org/wiki/Charles_Pic
picard	François Picard	missing	http://en.wikipedia.org/wiki/Fran%C3%A7ois_Picard
pieterse	Ernie Pieterse	missing	http://en.wikipedia.org/wiki/Ernie_Pieterse
pietsch	Paul Pietsch	missing	http://en.wikipedia.org/wiki/Paul_Pietsch
andre_pilette	André Pilette	missing	http://en.wikipedia.org/wiki/Andr%C3%A9_Pilette
pilette	Teddy Pilette	missing	http://en.wikipedia.org/wiki/Teddy_Pilette
piotti	Luigi Piotti	missing	http://en.wikipedia.org/wiki/Luigi_Piotti
piper	David Piper	missing	http://en.wikipedia.org/wiki/David_Piper
piquet	Nelson Piquet	missing	http://en.wikipedia.org/wiki/Nelson_Piquet
piquet_jr	Nelson Piquet Jr.	missing	http://en.wikipedia.org/wiki/Nelson_Piquet,_Jr.
pirocchi	Renato Pirocchi	missing	http://en.wikipedia.org/wiki/Renato_Pirocchi
pironi	Didier Pironi	missing	http://en.wikipedia.org/wiki/Didier_Pironi
pirro	Emanuele Pirro	missing	http://en.wikipedia.org/wiki/Emanuele_Pirro
pizzonia	Antônio Pizzonia	missing	http://en.wikipedia.org/wiki/Ant%C3%B4nio_Pizzonia
pian	Alfredo Pián	valid	http://en.wikipedia.org/wiki/Alfredo_Pi%C3%A0n
pollet	Jacques Pollet	missing	http://en.wikipedia.org/wiki/Jacques_Pollet
pon	Ben Pon	missing	http://en.wikipedia.org/wiki/Ben_Pon
poore	Dennis Poore	missing	http://en.wikipedia.org/wiki/Dennis_Poore
posey	Sam Posey	missing	http://en.wikipedia.org/wiki/Sam_Posey
pozzi	Charles Pozzi	missing	http://en.wikipedia.org/wiki/Charles_Pozzi
pretorius	Jackie Pretorius	missing	http://en.wikipedia.org/wiki/Jackie_Pretorius
prinoth	Ernesto Prinoth	missing	http://en.wikipedia.org/wiki/Ernesto_Prinoth
prophet	David Prophet	missing	http://en.wikipedia.org/wiki/David_Prophet
prost	Alain Prost	missing	http://en.wikipedia.org/wiki/Alain_Prost
pryce	Tom Pryce	missing	http://en.wikipedia.org/wiki/Tom_Pryce
purley	David Purley	valid	http://en.wikipedia.org/wiki/David_Purley
puzey	Clive Puzey	missing	http://en.wikipedia.org/wiki/Clive_Puzey
perez	Sergio Pérez	valid	http://en.wikipedia.org/wiki/Sergio_P%C3%A9rez
sala	Luis Pérez-Sala	missing	http://en.wikipedia.org/wiki/Luis_Perez-Sala
quester	Dieter Quester	missing	http://en.wikipedia.org/wiki/Dieter_Quester
raby	Ian Raby	missing	http://en.wikipedia.org/wiki/Ian_Raby
rahal	Bobby Rahal	missing	http://en.wikipedia.org/wiki/Bobby_Rahal
raphanel	Pierre-Henri Raphanel	missing	http://en.wikipedia.org/wiki/Pierre-Henri_Raphanel
rathmann	Jim Rathmann	missing	http://en.wikipedia.org/wiki/Jim_Rathmann
dick_rathmann	Dick Rathmann	missing	http://en.wikipedia.org/wiki/Dick_Rathmann
ratzenberger	Roland Ratzenberger	missing	http://en.wikipedia.org/wiki/Roland_Ratzenberger
rebaque	Hector Rebaque	missing	http://en.wikipedia.org/wiki/Hector_Rebaque
redman	Brian Redman	missing	http://en.wikipedia.org/wiki/Brian_Redman
reece	Jimmy Reece	missing	http://en.wikipedia.org/wiki/Jimmy_Reece
reed	Ray Reed	missing	http://en.wikipedia.org/wiki/Ray_Reed
rees	Alan Rees	missing	http://en.wikipedia.org/wiki/Alan_Rees_(racing_driver)
regazzoni	Clay Regazzoni	missing	http://en.wikipedia.org/wiki/Clay_Regazzoni
reutemann	Carlos Reutemann	missing	http://en.wikipedia.org/wiki/Carlos_Reutemann
reventlow	Lance Reventlow	missing	http://en.wikipedia.org/wiki/Lance_Reventlow
revson	Peter Revson	missing	http://en.wikipedia.org/wiki/Peter_Revson
rhodes	John Rhodes	missing	http://en.wikipedia.org/wiki/John_Rhodes_(driver)
ribeiro	Alex Ribeiro	missing	http://en.wikipedia.org/wiki/Alex_Ribeiro
ricciardo	Daniel Ricciardo	valid	http://en.wikipedia.org/wiki/Daniel_Ricciardo
richardson	Ken Richardson	missing	http://en.wikipedia.org/wiki/Ken_Richardson_(race_car_driver)
riess	Fritz Riess	missing	http://en.wikipedia.org/wiki/Fritz_Riess
rigsby	Jim Rigsby	missing	http://en.wikipedia.org/wiki/Jim_Rigsby
rindt	Jochen Rindt	missing	http://en.wikipedia.org/wiki/Jochen_Rindt
riseley_prichard	John Riseley-Prichard	missing	http://en.wikipedia.org/wiki/John_Riseley-Prichard
robarts	Richard Robarts	missing	http://en.wikipedia.org/wiki/Richard_Robarts
ricardo_rodriguez	Ricardo Rodríguez	missing	http://en.wikipedia.org/wiki/Ricardo_Rodr%C3%ADguez_(Formula_One)
rodriguez	Pedro Rodríguez	valid	http://en.wikipedia.org/wiki/Pedro_Rodr%C3%ADguez_(racing_driver)
rol	Franco Rol	missing	http://en.wikipedia.org/wiki/Franco_Rol
rollinson	Alan Rollinson	missing	http://en.wikipedia.org/wiki/Alan_Rollinson
rolt	Tony Rolt	missing	http://en.wikipedia.org/wiki/Tony_Rolt
roos	Bertil Roos	missing	http://en.wikipedia.org/wiki/Bertil_Roos
keke_rosberg	Keke Rosberg	missing	http://en.wikipedia.org/wiki/Keke_Rosberg
rosberg	Nico Rosberg	missing	http://en.wikipedia.org/wiki/Nico_Rosberg
rose	Mauri Rose	missing	http://en.wikipedia.org/wiki/Mauri_Rose
rosier	Louis Rosier	missing	http://en.wikipedia.org/wiki/Louis_Rosier
rosset	Ricardo Rosset	missing	http://en.wikipedia.org/wiki/Ricardo_Rosset
rossi	Alexander Rossi	missing	http://en.wikipedia.org/wiki/Alexander_Rossi_%28racing_driver%29
rothengatter	Huub Rothengatter	missing	http://en.wikipedia.org/wiki/Huub_Rothengatter
ruby	Lloyd Ruby	missing	http://en.wikipedia.org/wiki/Lloyd_Ruby
russell	George Russell	valid	http://en.wikipedia.org/wiki/George_Russell_(racing_driver)
paul_russo	Paul Russo	missing	http://en.wikipedia.org/wiki/Paul_Russo
russo	Eddie Russo	missing	http://en.wikipedia.org/wiki/Eddie_Russo
geki	Giacomo Russo	missing	http://en.wikipedia.org/wiki/Geki_(driver)
ruttman	Troy Ruttman	missing	http://en.wikipedia.org/wiki/Troy_Ruttman
ryan	Peter Ryan	missing	http://en.wikipedia.org/wiki/Peter_Ryan_(driver)
raikkonen	Kimi Räikkönen	valid	http://en.wikipedia.org/wiki/Kimi_R%C3%A4ikk%C3%B6nen
sachs	Eddie Sachs	missing	http://en.wikipedia.org/wiki/Eddie_Sachs
said	Bob Said	missing	http://en.wikipedia.org/wiki/Bob_Said
sainz	Carlos Sainz	valid	http://en.wikipedia.org/wiki/Carlos_Sainz_Jr.
salazar	Eliseo Salazar	valid	http://en.wikipedia.org/wiki/Eliseo_Salazar
salo	Mika Salo	valid	http://en.wikipedia.org/wiki/Mika_Salo
salvadori	Roy Salvadori	valid	http://en.wikipedia.org/wiki/Roy_Salvadori
sanesi	Consalvo Sanesi	missing	http://en.wikipedia.org/wiki/Consalvo_Sanesi
sargeant	Logan Sargeant	valid	http://en.wikipedia.org/wiki/Logan_Sargeant
sarrazin	Stéphane Sarrazin	missing	http://en.wikipedia.org/wiki/St%C3%A9phane_Sarrazin
sato	Takuma Sato	missing	http://en.wikipedia.org/wiki/Takuma_Sato
scarborough	Carl Scarborough	missing	http://en.wikipedia.org/wiki/Carl_Scarborough
scarfiotti	Ludovico Scarfiotti	missing	http://en.wikipedia.org/wiki/Ludovico_Scarfiotti
scarlatti	Giorgio Scarlatti	missing	http://en.wikipedia.org/wiki/Giorgio_Scarlatti
scheckter	Jody Scheckter	missing	http://en.wikipedia.org/wiki/Jody_Scheckter
ian_scheckter	Ian Scheckter	missing	http://en.wikipedia.org/wiki/Ian_Scheckter
schell	Harry Schell	missing	http://en.wikipedia.org/wiki/Harry_Schell
schenken	Tim Schenken	missing	http://en.wikipedia.org/wiki/Tim_Schenken
scherrer	Albert Scherrer	missing	http://en.wikipedia.org/wiki/Albert_Scherrer
schiattarella	Domenico Schiattarella	missing	http://en.wikipedia.org/wiki/Domenico_Schiattarella
schiller	Heinz Schiller	missing	http://en.wikipedia.org/wiki/Heinz_Schiller
schindler	Bill Schindler	missing	http://en.wikipedia.org/wiki/Bill_Schindler
jo_schlesser	Jo Schlesser	missing	http://en.wikipedia.org/wiki/Jo_Schlesser
schlesser	Jean-Louis Schlesser	missing	http://en.wikipedia.org/wiki/Jean-Louis_Schlesser
schneider	Bernd Schneider	valid	http://en.wikipedia.org/wiki/Bernd_Schneider_(racecar_driver)
schoeller	Rudolf Schoeller	missing	http://en.wikipedia.org/wiki/Rudolf_Schoeller
schroeder	Rob Schroeder	missing	http://en.wikipedia.org/wiki/Rob_Schroeder
michael_schumacher	Michael Schumacher	missing	http://en.wikipedia.org/wiki/Michael_Schumacher
ralf_schumacher	Ralf Schumacher	missing	http://en.wikipedia.org/wiki/Ralf_Schumacher
mick_schumacher	Mick Schumacher	valid	http://en.wikipedia.org/wiki/Mick_Schumacher
schuppan	Vern Schuppan	missing	http://en.wikipedia.org/wiki/Vern_Schuppan
bob_scott	Bob Scott	missing	http://en.wikipedia.org/wiki/Bob_Scott_(auto_racer)
scott_Brown	Archie Scott Brown	missing	http://en.wikipedia.org/wiki/Archie_Scott_Brown
scotti	Piero Scotti	missing	http://en.wikipedia.org/wiki/Piero_Scotti
seidel	Wolfgang Seidel	missing	http://en.wikipedia.org/wiki/Wolfgang_Seidel
seiffert	Günther Seiffert	missing	http://en.wikipedia.org/wiki/G%C3%BCnther_Seiffert
senna	Ayrton Senna	missing	http://en.wikipedia.org/wiki/Ayrton_Senna
bruno_senna	Bruno Senna	missing	http://en.wikipedia.org/wiki/Bruno_Senna
serafini	Dorino Serafini	missing	http://en.wikipedia.org/wiki/Dorino_Serafini
serra	Chico Serra	missing	http://en.wikipedia.org/wiki/Chico_Serra
serrurier	Doug Serrurier	missing	http://en.wikipedia.org/wiki/Doug_Serrurier
gavin	Johnny Servoz-Gavin	missing	http://en.wikipedia.org/wiki/Johnny_Servoz-Gavin
settember	Tony Settember	missing	http://en.wikipedia.org/wiki/Tony_Settember
sharp	Hap Sharp	missing	http://en.wikipedia.org/wiki/Hap_Sharp
shawe_taylor	Brian Shawe Taylor	missing	http://en.wikipedia.org/wiki/Brian_Shawe_Taylor
shelby	Carroll Shelby	missing	http://en.wikipedia.org/wiki/Carroll_Shelby
shelly	Tony Shelly	missing	http://en.wikipedia.org/wiki/Tony_Shelly
cian_shields	Cian Shields	missing	
siffert	Jo Siffert	missing	http://en.wikipedia.org/wiki/Jo_Siffert
simon	André Simon	missing	http://en.wikipedia.org/wiki/Andr%C3%A9_Simon_(racing_driver)
sirotkin	Sergey Sirotkin	valid	http://en.wikipedia.org/wiki/Sergey_Sirotkin_(racing_driver)
slotemaker	Rob Slotemaker	missing	http://en.wikipedia.org/wiki/Rob_Slotemaker
solana	Moisés Solana	missing	http://en.wikipedia.org/wiki/Mois%C3%A9s_Solana
roig	Alex Soler-Roig	missing	http://en.wikipedia.org/wiki/Alex_Soler-Roig
sommer	Raymond Sommer	missing	http://en.wikipedia.org/wiki/Raymond_Sommer
sospiri	Vincenzo Sospiri	missing	http://en.wikipedia.org/wiki/Vincenzo_Sospiri
south	Stephen South	missing	http://en.wikipedia.org/wiki/Stephen_South
sparken	Mike Sparken	missing	http://en.wikipedia.org/wiki/Mike_Sparken
speed	Scott Speed	missing	http://en.wikipedia.org/wiki/Scott_Speed
spence	Mike Spence	missing	http://en.wikipedia.org/wiki/Mike_Spence
stacey	Alan Stacey	missing	http://en.wikipedia.org/wiki/Alan_Stacey
starrabba	Gaetano Starrabba	missing	http://en.wikipedia.org/wiki/Gaetano_Starrabba
stevens	Will Stevens	missing	http://en.wikipedia.org/wiki/Will_Stevens
stevenson	Chuck Stevenson	missing	http://en.wikipedia.org/wiki/Chuck_Stevenson
jimmy_stewart	Jimmy Stewart	missing	http://en.wikipedia.org/wiki/Jimmy_Stewart_(racing_driver)
ian_stewart	Ian Stewart	missing	http://en.wikipedia.org/wiki/Ian_Stewart_(racing_driver)
stewart	Jackie Stewart	missing	http://en.wikipedia.org/wiki/Jackie_Stewart
stohr	Siegfried Stohr	missing	http://en.wikipedia.org/wiki/Siegfried_Stohr
stommelen	Rolf Stommelen	missing	http://en.wikipedia.org/wiki/Rolf_Stommelen
streiff	Philippe Streiff	missing	http://en.wikipedia.org/wiki/Philippe_Streiff
stroll	Lance Stroll	valid	http://en.wikipedia.org/wiki/Lance_Stroll
stuck	Hans-Joachim Stuck	missing	http://en.wikipedia.org/wiki/Hans_Joachim_Stuck
stuppacher	Otto Stuppacher	missing	http://en.wikipedia.org/wiki/Otto_Stuppacher
sullivan	Danny Sullivan	missing	http://en.wikipedia.org/wiki/Danny_Sullivan
surer	Marc Surer	missing	http://en.wikipedia.org/wiki/Marc_Surer
surtees	John Surtees	missing	http://en.wikipedia.org/wiki/John_Surtees
sutcliffe	Andy Sutcliffe	missing	http://en.wikipedia.org/wiki/Andy_Sutcliffe
sutil	Adrian Sutil	missing	http://en.wikipedia.org/wiki/Adrian_Sutil
sutton	Len Sutton	missing	http://en.wikipedia.org/wiki/Len_Sutton
suzuki	Aguri Suzuki	missing	http://en.wikipedia.org/wiki/Aguri_Suzuki
toshio_suzuki	Toshio Suzuki	missing	http://en.wikipedia.org/wiki/Toshio_Suzuki_(driver)
swaters	Jacques Swaters	missing	http://en.wikipedia.org/wiki/Jacques_Swaters
sweikert	Bob Sweikert	missing	http://en.wikipedia.org/wiki/Bob_Sweikert
takagi	Toranosuke Takagi	missing	http://en.wikipedia.org/wiki/Toranosuke_Takagi
takahara	Noritake Takahara	missing	http://en.wikipedia.org/wiki/Noritake_Takahara
takahashi	Kunimitsu Takahashi	missing	http://en.wikipedia.org/wiki/Kunimitsu_Takahashi
tambay	Patrick Tambay	missing	http://en.wikipedia.org/wiki/Patrick_Tambay
taramazzo	Luigi Taramazzo	missing	http://en.wikipedia.org/wiki/Luigi_Taramazzo
tarquini	Gabriele Tarquini	missing	http://en.wikipedia.org/wiki/Gabriele_Tarquini
taruffi	Piero Taruffi	missing	http://en.wikipedia.org/wiki/Piero_Taruffi
henry_taylor	Henry Taylor	missing	http://en.wikipedia.org/wiki/Henry_Taylor_(racing_driver)
mike_taylor	Mike Taylor	missing	http://en.wikipedia.org/wiki/Mike_Taylor_(driver)
dennis_taylor	Dennis Taylor	missing	http://en.wikipedia.org/wiki/Dennis_Taylor_(racing_driver)
trevor_taylor	Trevor Taylor	missing	http://en.wikipedia.org/wiki/Trevor_Taylor
taylor	John Taylor	missing	http://en.wikipedia.org/wiki/John_Taylor_(racer)
teague	Marshall Teague	missing	http://en.wikipedia.org/wiki/Marshall_Teague_(racing_driver)
templeman	Shorty Templeman	missing	http://en.wikipedia.org/wiki/Shorty_Templeman
testut	André Testut	missing	http://en.wikipedia.org/wiki/Andr%C3%A9_Testut
thackwell	Mike Thackwell	missing	http://en.wikipedia.org/wiki/Mike_Thackwell
thiele	Alfonso Thiele	missing	http://en.wikipedia.org/wiki/Alfonso_Thiele
thompson	Eric Thompson	missing	http://en.wikipedia.org/wiki/Eric_Thompson_(racing_driver)
thomson	Johnny Thomson	missing	http://en.wikipedia.org/wiki/Johnny_Thomson
thorne	Leslie Thorne	missing	http://en.wikipedia.org/wiki/Leslie_Thorne
tingelstad	Bud Tingelstad	missing	http://en.wikipedia.org/wiki/Bud_Tingelstad
tingle	Sam Tingle	missing	http://en.wikipedia.org/wiki/Sam_Tingle
titterington	Desmond Titterington	missing	http://en.wikipedia.org/wiki/Desmond_Titterington
tolan	Johnnie Tolan	missing	http://en.wikipedia.org/wiki/Johnnie_Tolan
trimmer	Tony Trimmer	missing	http://en.wikipedia.org/wiki/Tony_Trimmer
trintignant	Maurice Trintignant	missing	http://en.wikipedia.org/wiki/Maurice_Trintignant
trulli	Jarno Trulli	missing	http://en.wikipedia.org/wiki/Jarno_Trulli
tsunoda	Yuki Tsunoda	valid	http://en.wikipedia.org/wiki/Yuki_Tsunoda
tuero	Esteban Tuero	missing	http://en.wikipedia.org/wiki/Esteban_Tuero
tunmer	Guy Tunmer	missing	http://en.wikipedia.org/wiki/Guy_Tunmer
turner	Jack Turner	missing	http://en.wikipedia.org/wiki/Jack_Turner_(driver)
ulmen	Toni Ulmen	missing	http://en.wikipedia.org/wiki/Toni_Ulmen
jerry_unser	Jerry Unser	missing	http://en.wikipedia.org/wiki/Jerry_Unser
unser	Bobby Unser	missing	http://en.wikipedia.org/wiki/Bobby_Unser
uria	Alberto Uria	missing	http://en.wikipedia.org/wiki/Alberto_Uria
vaccarella	Nino Vaccarella	missing	http://en.wikipedia.org/wiki/Nino_Vaccarella
vandoorne	Stoffel Vandoorne	valid	http://en.wikipedia.org/wiki/Stoffel_Vandoorne
veith	Bob Veith	missing	http://en.wikipedia.org/wiki/Bob_Veith
vergne	Jean-Éric Vergne	missing	http://en.wikipedia.org/wiki/Jean-%C3%89ric_Vergne
verstappen	Jos Verstappen	missing	http://en.wikipedia.org/wiki/Jos_Verstappen
max_verstappen	Max Verstappen	valid	http://en.wikipedia.org/wiki/Max_Verstappen
frederik_vesti	Frederik Vesti	missing	
vettel	Sebastian Vettel	missing	http://en.wikipedia.org/wiki/Sebastian_Vettel
gilles_villeneuve	Gilles Villeneuve	missing	http://en.wikipedia.org/wiki/Gilles_Villeneuve
villeneuve	Jacques Villeneuve	missing	http://en.wikipedia.org/wiki/Jacques_Villeneuve
villeneuve_sr	Jacques Villeneuve Sr.	missing	http://en.wikipedia.org/wiki/Jacques_Villeneuve_(elder)
villoresi	Luigi Villoresi	missing	http://en.wikipedia.org/wiki/Luigi_Villoresi
volonterio	Ottorino Volonterio	missing	http://en.wikipedia.org/wiki/Ottorino_Volonterio
vonlanthen	Jo Vonlanthen	missing	http://en.wikipedia.org/wiki/Jo_Vonlanthen
vukovich	Bill Vukovich	missing	http://en.wikipedia.org/wiki/Bill_Vukovich
wacker	Fred Wacker	missing	http://en.wikipedia.org/wiki/Fred_Wacker
peter_walker	Peter Walker	missing	http://en.wikipedia.org/wiki/Peter_Walker_(driver)
walker	David Walker	missing	http://en.wikipedia.org/wiki/David_Walker_(racing_driver)
wallard	Lee Wallard	missing	http://en.wikipedia.org/wiki/Lee_Wallard
walter	Heini Walter	missing	http://en.wikipedia.org/wiki/Heini_Walter
ward	Rodger Ward	missing	http://en.wikipedia.org/wiki/Rodger_Ward
warwick	Derek Warwick	missing	http://en.wikipedia.org/wiki/Derek_Warwick
watson	John Watson	missing	http://en.wikipedia.org/wiki/John_Watson_(racing_driver)
webb	Travis Webb	missing	http://en.wikipedia.org/wiki/Travis_Webb
webber	Mark Webber	missing	http://en.wikipedia.org/wiki/Mark_Webber_(racing_driver)
wehrlein	Pascal Wehrlein	missing	http://en.wikipedia.org/wiki/Pascal_Wehrlein
weidler	Volker Weidler	missing	http://en.wikipedia.org/wiki/Volker_Weidler
weiler	Wayne Weiler	missing	http://en.wikipedia.org/wiki/Wayne_Weiler
wendlinger	Karl Wendlinger	missing	http://en.wikipedia.org/wiki/Karl_Wendlinger
westbury	Peter Westbury	missing	http://en.wikipedia.org/wiki/Peter_Westbury
weyant	Chuck Weyant	missing	http://en.wikipedia.org/wiki/Chuck_Weyant
wharton	Ken Wharton	missing	http://en.wikipedia.org/wiki/Ken_Wharton
whiteaway	Ted Whiteaway	missing	http://en.wikipedia.org/wiki/Ted_Whiteaway
whitehead	Peter Whitehead	missing	http://en.wikipedia.org/wiki/Peter_Whitehead_(racing_driver)
graham_whitehead	Graham Whitehead	missing	http://en.wikipedia.org/wiki/Graham_Whitehead
whitehouse	Bill Whitehouse	missing	http://en.wikipedia.org/wiki/Bill_Whitehouse
widdows	Robin Widdows	missing	http://en.wikipedia.org/wiki/Robin_Widdows
wietzes	Eppie Wietzes	missing	http://en.wikipedia.org/wiki/Eppie_Wietzes
wilds	Mike Wilds	missing	http://en.wikipedia.org/wiki/Mike_Wilds
williams	Jonathan Williams	missing	http://en.wikipedia.org/wiki/Jonathan_Williams_(racing_driver)
williamson	Roger Williamson	missing	http://en.wikipedia.org/wiki/Roger_Williamson
dempsey_wilson	Dempsey Wilson	missing	http://en.wikipedia.org/wiki/Dempsey_Wilson
vic_wilson	Vic Wilson	missing	http://en.wikipedia.org/wiki/Vic_Wilson_(motor_racing_driver)
desire_wilson	Desiré Wilson	missing	http://en.wikipedia.org/wiki/Desir%C3%A9_Wilson
wilson	Justin Wilson	missing	http://en.wikipedia.org/wiki/Justin_Wilson_(racing_driver)
manfred_winkelhock	Manfred Winkelhock	missing	http://en.wikipedia.org/wiki/Manfred_Winkelhock
joachim_winkelhock	Joachim Winkelhock	missing	http://en.wikipedia.org/wiki/Joachim_Winkelhock
markus_winkelhock	Markus Winkelhock	missing	http://en.wikipedia.org/wiki/Markus_Winkelhock
wisell	Reine Wisell	missing	http://en.wikipedia.org/wiki/Reine_Wisell
wunderink	Roelof Wunderink	missing	http://en.wikipedia.org/wiki/Roelof_Wunderink
wurz	Alexander Wurz	missing	http://en.wikipedia.org/wiki/Alexander_Wurz
yamamoto	Sakon Yamamoto	missing	http://en.wikipedia.org/wiki/Sakon_Yamamoto
yoong	Alex Yoong	missing	http://en.wikipedia.org/wiki/Alex_Yoong
zanardi	Alessandro Zanardi	missing	http://en.wikipedia.org/wiki/Alex_Zanardi
zapico	Emilio Zapico	missing	http://en.wikipedia.org/wiki/Emilio_Zapico
zhou	Guanyu Zhou	valid	http://en.wikipedia.org/wiki/Zhou_Guanyu
zonta	Ricardo Zonta	missing	http://en.wikipedia.org/wiki/Ricardo_Zonta
zorzi	Renzo Zorzi	missing	http://en.wikipedia.org/wiki/Renzo_Zorzi
zunino	Ricardo Zunino	missing	http://en.wikipedia.org/wiki/Ricardo_Zunino
ambrosio	Jérôme d'Ambrosio	missing	http://en.wikipedia.org/wiki/J%C3%A9r%C3%B4me_d%27Ambrosio
orey	Fritz d'Orey	missing	http://en.wikipedia.org/wiki/Fritz_d%27Orey
matta	Cristiano da Matta	missing	http://en.wikipedia.org/wiki/Cristiano_da_Matta
ramos	Hernando da Silva Ramos	missing	http://en.wikipedia.org/wiki/Hernando_da_Silva_Ramos
adamich	Andrea de Adamich	missing	http://en.wikipedia.org/wiki/Andrea_de_Adamich
angelis	Elio de Angelis	missing	http://en.wikipedia.org/wiki/Elio_de_Angelis
beaufort	Carel Godin de Beaufort	missing	http://en.wikipedia.org/wiki/Carel_Godin_de_Beaufort
cesaris	Andrea de Cesaris	missing	http://en.wikipedia.org/wiki/Andrea_de_Cesaris
Changy	Alain de Changy	missing	http://en.wikipedia.org/wiki/Alain_de_Changy
dryver	Bernard de Dryver	missing	http://en.wikipedia.org/wiki/Bernard_de_Dryver
filippis	Maria de Filippis	missing	http://en.wikipedia.org/wiki/Maria_Teresa_de_Filippis
graffenried	Toulo de Graffenried	missing	http://en.wikipedia.org/wiki/Toulo_de_Graffenried
klerk	Peter de Klerk	missing	http://en.wikipedia.org/wiki/Peter_de_Klerk
portago	Alfonso de Portago	missing	http://en.wikipedia.org/wiki/Alfonso_de_Portago
riu	Giovanni de Riu	missing	http://en.wikipedia.org/wiki/Giovanni_de_Riu
terra	Max de Terra	missing	http://en.wikipedia.org/wiki/Max_de_Terra
tomaso	Alessandro de Tomaso	missing	http://en.wikipedia.org/wiki/Alessandro_de_Tomaso
tornaco	Charles de Tornaco	missing	http://en.wikipedia.org/wiki/Charles_de_Tornaco
villota	Emilio de Villota	missing	http://en.wikipedia.org/wiki/Emilio_de_Villota
vos	Ernie de Vos	missing	http://en.wikipedia.org/wiki/Ernie_de_Vos
de_vries	Nyck de Vries	valid	http://en.wikipedia.org/wiki/Nyck_de_Vries
rosa	Pedro de la Rosa	missing	http://en.wikipedia.org/wiki/Pedro_de_la_Rosa
grassi	Lucas di Grassi	missing	http://en.wikipedia.org/wiki/Lucas_di_Grassi
resta	Paul di Resta	valid	http://en.wikipedia.org/wiki/Paul_di_Resta
lennep	Gijs van Lennep	missing	http://en.wikipedia.org/wiki/Gijs_Van_Lennep
rooyen	Basil van Rooyen	missing	http://en.wikipedia.org/wiki/Basil_van_Rooyen
poele	Eric van de Poele	missing	http://en.wikipedia.org/wiki/Eric_van_de_Poele
garde	Giedo van der Garde	missing	http://en.wikipedia.org/wiki/Giedo_van_der_Garde
lof	Dries van der Lof	missing	http://en.wikipedia.org/wiki/Dries_van_der_Lof
vyver	Syd van der Vyver	missing	http://en.wikipedia.org/wiki/Syd_van_der_Vyver
opel	Rikky von Opel	missing	http://en.wikipedia.org/wiki/Rikky_von_Opel
hans_stuck	Hans von Stuck	missing	http://en.wikipedia.org/wiki/Hans_Von_Stuck
trips	Wolfgang von Trips	missing	http://en.wikipedia.org/wiki/Wolfgang_Graf_Berghe_von_Trips
etancelin	Philippe Étancelin	missing	http://en.wikipedia.org/wiki/Philippe_%C3%89tancelin
